,p_t1,p_t2,p_t3,p_t4,t,score,rmse
0,4,10,10,10,6,0.5294449125205257,0.6178189338387235
1,6,10,10,10,6,0.5377926838296899,0.6124461733263075
