,p_t1,p_t2,p_t3,p_t4,t,score,rmse
0,4,10,10,10,6,0.5291653525819893,0.6140445866290646
1,6,10,10,10,6,0.5433345219446656,0.6050652191371749
