,p_t1,p_t2,p_t3,p_t4,t,score,rmse
0,4,10,10,10,6,0.5280579178702874,0.6165209415536582
1,6,10,10,10,6,0.540117407876497,0.6088544613190608
