,p_t1,p_t2,p_t3,p_t4,t,score,rmse
0,4,10,10,10,6,0.5286508955811942,0.6131622612748783
1,6,10,10,10,6,0.5474906327902284,0.6011312754839565
