,p_t1,p_t2,p_t3,p_t4,t,score,rmse
0,4,10,10,10,6,0.5293656479111551,0.6163017038329447
1,6,10,10,10,6,0.5453061796649211,0.6059920234292248
