,p_t1,p_t2,p_t3,p_t4,t,score,rmse
0,4,10,10,10,6,0.530415204568165,0.6121581341488458
1,6,10,10,10,6,0.5456248963795978,0.6023716014343391
