,p_t1,p_t2,p_t3,p_t4,t,score,rmse
0,4,10,10,10,6,0.5300425641261467,0.6141609144892182
1,6,10,10,10,6,0.540611987488533,0.6074148331182445
