,p_t1,p_t2,p_t3,p_t4,t,score,rmse
0,4,10,10,10,6,0.5298600106979958,0.6136172954689106
1,6,10,10,10,6,0.5364090486471312,0.6095167821409536
