,p_t1,p_t2,p_t3,p_t4,t,score,rmse
0,4,10,10,10,6,0.526150603573703,0.6165166855442501
1,6,10,10,10,6,0.5366006843940173,0.6098089568269803
