,p_t1,p_t2,p_t3,p_t4,t,score,rmse
0,4,10,10,10,6,0.5300279943048903,0.6144223801560451
1,6,10,10,10,6,0.541170874541523,0.6072170053748012
