,p_t1,p_t2,p_t3,p_t4,t,score,rmse
0,4,10,10,10,6,0.5301145525135944,0.6144877599251921
1,6,10,10,10,6,0.5414977746862812,0.6072854094832455
