,p_t1,p_t2,p_t3,p_t4,t,score,rmse
0,4,10,10,10,6,0.5301713303266152,0.6136078292599706
1,6,10,10,10,6,0.5437721970998539,0.6048990227912646
