,p_t1,p_t2,p_t3,p_t4,t,score,rmse
0,4,10,10,10,6,0.53067005389288,0.6152586842540932
1,6,10,10,10,6,0.543152842774886,0.6072324501292722
