,p_t1,p_t2,p_t3,p_t4,t,score,rmse
0,4,10,10,10,6,0.5338119752416428,0.6121873516637554
1,6,10,10,10,6,0.5445549039626227,0.6053837239472507
