,p_t1,p_t2,p_t3,p_t4,t,score,rmse
0,4,10,10,10,6,0.5309117044119501,0.61495509400572
1,6,10,10,10,6,0.5412217251567241,0.608285071357246
