,p_t1,p_t2,p_t3,p_t4,t,score,rmse
0,4,10,10,10,6,0.5269051006370773,0.6173289770300304
1,6,10,10,10,6,0.5391168925510984,0.6095424198730492
