,p_t1,p_t2,p_t3,p_t4,t,score,rmse
0,4,10,10,10,6,0.528442788291439,0.6165006634248564
1,6,10,10,10,6,0.5404918007417493,0.6087166921825612
