,p_t1,p_t2,p_t3,p_t4,t,score,rmse
0,4,10,10,10,6,0.5295249325842946,0.6153562678643572
1,6,10,10,10,6,0.5413917002291136,0.6076281886577478
