,p_t1,p_t2,p_t3,p_t4,t,score,rmse
0,4,10,10,10,6,0.5306170394348789,0.6123038868985521
1,6,10,10,10,6,0.5424291685158629,0.6047510479397806
