,p_t1,p_t2,p_t3,p_t4,t,score,rmse
0,4,10,10,10,6,0.5306803770811791,0.6124397078289018
1,6,10,10,10,6,0.5404809081344469,0.606283466380673
